{
  "cer": 16.350710900473935,
  "wer": 33.86503067484662,
  "bleu_1": 75.11848341232228,
  "bleu_2": 66.74897798779634,
  "bleu_3": 60.18544211738358,
  "bleu_4": 54.56650260643102,
  "rouge_1": 71.62534435261708,
  "rouge_2": 60.75949367088608,
  "rouge_l_recall": 75.21472392638037,
  "rouge_l_precision": 72.6303317535545,
  "rouge_l_f1": 73.89993972272453,
  "bertscore_precision": 30.80568720379147,
  "bertscore_recall": 31.901840490797547,
  "bertscore_f1": 31.34418324291742,
  "character_accuracy": 39.935691318327976,
  "word_accuracy": 70.16274864376129,
  "precision": 30.80568720379147,
  "recall": 31.901840490797547,
  "f1_score": 31.344183242917424,
  "extracted_word_count": 844,
  "ground_truth_word_count": 815,
  "common_word_count": 260
}