{
  "cer": 23.03473491773309,
  "wer": 36.91756272401434,
  "bleu_1": 72.02380952380952,
  "bleu_2": 63.576199880040974,
  "bleu_3": 56.87159615621812,
  "bleu_4": 50.74062543952215,
  "rouge_1": 80.55555555555556,
  "rouge_2": 65.28925619834712,
  "rouge_l_recall": 83.87096774193549,
  "rouge_l_precision": 69.64285714285714,
  "rouge_l_f1": 76.09756097560975,
  "bertscore_precision": 34.523809523809526,
  "bertscore_recall": 41.57706093189964,
  "bertscore_f1": 37.72357723577236,
  "character_accuracy": 46.432552954292085,
  "word_accuracy": 73.4959349593496,
  "precision": 34.523809523809526,
  "recall": 41.57706093189964,
  "f1_score": 37.72357723577235,
  "extracted_word_count": 336,
  "ground_truth_word_count": 279,
  "common_word_count": 116
}