{
  "cer": 25.213100044863168,
  "wer": 37.234042553191486,
  "bleu_1": 72.76422764227642,
  "bleu_2": 69.61327921730037,
  "bleu_3": 66.54796652600156,
  "bleu_4": 63.454430009181316,
  "rouge_1": 92.57142857142857,
  "rouge_2": 85.48387096774194,
  "rouge_l_recall": 94.68085106382979,
  "rouge_l_precision": 72.35772357723577,
  "rouge_l_f1": 82.02764976958525,
  "bertscore_precision": 32.926829268292686,
  "bertscore_recall": 43.08510638297872,
  "bertscore_f1": 37.327188940092164,
  "character_accuracy": 25.075711689884916,
  "word_accuracy": 81.79723502304147,
  "precision": 32.926829268292686,
  "recall": 43.08510638297872,
  "f1_score": 37.327188940092164,
  "extracted_word_count": 492,
  "ground_truth_word_count": 376,
  "common_word_count": 162
}