{
  "cer": 21.057347670250895,
  "wer": 36.78474114441417,
  "bleu_1": 72.82352941176471,
  "bleu_2": 64.36586083274247,
  "bleu_3": 57.98238416967156,
  "bleu_4": 52.69414971008048,
  "rouge_1": 83.4319526627219,
  "rouge_2": 66.34768740031897,
  "rouge_l_recall": 81.74386920980926,
  "rouge_l_precision": 70.58823529411765,
  "rouge_l_f1": 75.75757575757575,
  "bertscore_precision": 33.1764705882353,
  "bertscore_recall": 38.41961852861036,
  "bertscore_f1": 35.60606060606061,
  "character_accuracy": 41.3143574717455,
  "word_accuracy": 73.86363636363636,
  "precision": 33.1764705882353,
  "recall": 38.41961852861036,
  "f1_score": 35.6060606060606,
  "extracted_word_count": 850,
  "ground_truth_word_count": 734,
  "common_word_count": 282
}