{
  "cer": 14.013346043851287,
  "wer": 23.641304347826086,
  "bleu_1": 78.64321608040201,
  "bleu_2": 71.62840184478019,
  "bleu_3": 64.90118065691041,
  "bleu_4": 59.07698746836005,
  "rouge_1": 79.80295566502463,
  "rouge_2": 69.41896024464832,
  "rouge_l_recall": 84.78260869565217,
  "rouge_l_precision": 78.39195979899498,
  "rouge_l_f1": 81.46214099216711,
  "bertscore_precision": 40.7035175879397,
  "bertscore_recall": 44.02173913043478,
  "bertscore_f1": 42.297650130548305,
  "character_accuracy": 37.7741861002078,
  "word_accuracy": 77.80678851174935,
  "precision": 40.7035175879397,
  "recall": 44.02173913043478,
  "f1_score": 42.297650130548305,
  "extracted_word_count": 398,
  "ground_truth_word_count": 368,
  "common_word_count": 162
}