{
  "cer": 42.15384615384615,
  "wer": 62.30769230769231,
  "bleu_1": 61.74142480211082,
  "bleu_2": 57.44048636242519,
  "bleu_3": 53.90751336916695,
  "bleu_4": 50.49183598583018,
  "rouge_1": 89.1891891891892,
  "rouge_2": 76.99115044247787,
  "rouge_l_recall": 87.3076923076923,
  "rouge_l_precision": 59.894459102902374,
  "rouge_l_f1": 71.04851330203442,
  "bertscore_precision": 34.82849604221636,
  "bertscore_recall": 50.76923076923077,
  "bertscore_f1": 41.31455399061032,
  "character_accuracy": 39.68627450980392,
  "word_accuracy": 70.73552425665102,
  "precision": 34.82849604221636,
  "recall": 50.76923076923077,
  "f1_score": 41.31455399061033,
  "extracted_word_count": 379,
  "ground_truth_word_count": 260,
  "common_word_count": 132
}