{
  "cer": 16.038882138517618,
  "wer": 35.170603674540686,
  "bleu_1": 70.97505668934241,
  "bleu_2": 64.13522549302712,
  "bleu_3": 58.25551720356288,
  "bleu_4": 53.01439154674101,
  "rouge_1": 76.58536585365854,
  "rouge_2": 68.14159292035397,
  "rouge_l_recall": 81.62729658792651,
  "rouge_l_precision": 70.52154195011337,
  "rouge_l_f1": 75.669099756691,
  "bertscore_precision": 35.600907029478456,
  "bertscore_recall": 41.20734908136483,
  "bertscore_f1": 38.19951338199513,
  "character_accuracy": 2.656400384985563,
  "word_accuracy": 72.99270072992701,
  "precision": 35.600907029478456,
  "recall": 41.20734908136483,
  "f1_score": 38.19951338199513,
  "extracted_word_count": 441,
  "ground_truth_word_count": 381,
  "common_word_count": 157
}