{
  "cer": 12.063492063492063,
  "wer": 33.26885880077369,
  "bleu_1": 74.40273037542661,
  "bleu_2": 68.50616979954312,
  "bleu_3": 62.922032110257575,
  "bleu_4": 58.00913436539988,
  "rouge_1": 77.53623188405797,
  "rouge_2": 70.12711864406779,
  "rouge_l_recall": 82.59187620889749,
  "rouge_l_precision": 72.86689419795222,
  "rouge_l_f1": 77.42520398912059,
  "bertscore_precision": 36.51877133105802,
  "bertscore_recall": 41.3926499032882,
  "bertscore_f1": 38.803263825929285,
  "character_accuracy": 23.818407960199007,
  "word_accuracy": 76.33726201269265,
  "precision": 36.51877133105802,
  "recall": 41.3926499032882,
  "f1_score": 38.80326382592928,
  "extracted_word_count": 586,
  "ground_truth_word_count": 517,
  "common_word_count": 214
}