{
  "cer": 21.66219839142091,
  "wer": 33.01282051282051,
  "bleu_1": 76.03305785123968,
  "bleu_2": 69.80570790962966,
  "bleu_3": 64.52221212499785,
  "bleu_4": 59.85334449624479,
  "rouge_1": 89.02439024390245,
  "rouge_2": 75.36764705882352,
  "rouge_l_recall": 86.85897435897436,
  "rouge_l_precision": 74.65564738292011,
  "rouge_l_f1": 80.29629629629629,
  "bertscore_precision": 40.22038567493113,
  "bertscore_recall": 46.794871794871796,
  "bertscore_f1": 43.25925925925927,
  "character_accuracy": 18.186385330319016,
  "word_accuracy": 78.51851851851852,
  "precision": 40.22038567493113,
  "recall": 46.794871794871796,
  "f1_score": 43.25925925925926,
  "extracted_word_count": 363,
  "ground_truth_word_count": 312,
  "common_word_count": 146
}