{
  "cer": 15.53864637565078,
  "wer": 16.473317865429234,
  "bleu_1": 87.23849372384937,
  "bleu_2": 84.56356204903123,
  "bleu_3": 82.22182320393985,
  "bleu_4": 80.11292535856134,
  "rouge_1": 94.70899470899471,
  "rouge_2": 90.1639344262295,
  "rouge_l_recall": 96.2877030162413,
  "rouge_l_precision": 86.82008368200836,
  "rouge_l_f1": 91.30913091309131,
  "bertscore_precision": 37.44769874476987,
  "bertscore_recall": 41.53132250580047,
  "bertscore_f1": 39.38393839383939,
  "character_accuracy": 76.0600874691006,
  "word_accuracy": 91.0891089108911,
  "precision": 37.44769874476987,
  "recall": 41.53132250580047,
  "f1_score": 39.38393839383939,
  "extracted_word_count": 478,
  "ground_truth_word_count": 431,
  "common_word_count": 179
}