{
  "cer": 28.39090143218197,
  "wer": 50.09276437847866,
  "bleu_1": 67.4884437596302,
  "bleu_2": 61.146897741012864,
  "bleu_3": 55.945144692643666,
  "bleu_4": 51.17334450944693,
  "rouge_1": 71.18055555555556,
  "rouge_2": 63.48547717842323,
  "rouge_l_recall": 78.29313543599258,
  "rouge_l_precision": 65.0231124807396,
  "rouge_l_f1": 71.04377104377105,
  "bertscore_precision": 31.587057010785824,
  "bertscore_recall": 38.03339517625232,
  "bertscore_f1": 34.51178451178451,
  "character_accuracy": 17.327339599509603,
  "word_accuracy": 69.86531986531986,
  "precision": 31.587057010785824,
  "recall": 38.03339517625232,
  "f1_score": 34.51178451178451,
  "extracted_word_count": 649,
  "ground_truth_word_count": 539,
  "common_word_count": 205
}