{
  "cer": 18.03174603174603,
  "wer": 41.005802707930364,
  "bleu_1": 67.9465776293823,
  "bleu_2": 59.44473508129997,
  "bleu_3": 52.250425858103156,
  "bleu_4": 46.1180846300196,
  "rouge_1": 71.37681159420289,
  "rouge_2": 59.32203389830508,
  "rouge_l_recall": 76.40232108317214,
  "rouge_l_precision": 65.9432387312187,
  "rouge_l_f1": 70.78853046594982,
  "bertscore_precision": 32.8881469115192,
  "bertscore_recall": 38.10444874274662,
  "bertscore_f1": 35.30465949820789,
  "character_accuracy": 20.616982284667074,
  "word_accuracy": 68.63799283154121,
  "precision": 32.8881469115192,
  "recall": 38.10444874274662,
  "f1_score": 35.30465949820788,
  "extracted_word_count": 599,
  "ground_truth_word_count": 517,
  "common_word_count": 197
}