{
  "cer": 28.273928714457348,
  "wer": 34.5707656612529,
  "bleu_1": 76.96850393700787,
  "bleu_2": 71.63262940727867,
  "bleu_3": 66.88023058003225,
  "bleu_4": 62.5857437740673,
  "rouge_1": 88.88888888888889,
  "rouge_2": 78.14207650273224,
  "rouge_l_recall": 87.23897911832947,
  "rouge_l_precision": 74.01574803149606,
  "rouge_l_f1": 80.08519701810437,
  "bertscore_precision": 33.07086614173229,
  "bertscore_recall": 38.97911832946635,
  "bertscore_f1": 35.78274760383387,
  "character_accuracy": 42.616342982777574,
  "word_accuracy": 78.59424920127796,
  "precision": 33.07086614173229,
  "recall": 38.97911832946635,
  "f1_score": 35.78274760383387,
  "extracted_word_count": 508,
  "ground_truth_word_count": 431,
  "common_word_count": 168
}