{
  "cer": 34.20911528150134,
  "wer": 46.794871794871796,
  "bleu_1": 66.83544303797468,
  "bleu_2": 58.391997684285926,
  "bleu_3": 51.01154951501413,
  "bleu_4": 44.32574900180992,
  "rouge_1": 81.70731707317073,
  "rouge_2": 63.970588235294116,
  "rouge_l_recall": 82.37179487179486,
  "rouge_l_precision": 65.0632911392405,
  "rouge_l_f1": 72.70155586987269,
  "bertscore_precision": 33.92405063291139,
  "bertscore_recall": 42.94871794871795,
  "bertscore_f1": 37.9066478076379,
  "character_accuracy": 15.894039735099339,
  "word_accuracy": 69.87270155586988,
  "precision": 33.92405063291139,
  "recall": 42.94871794871795,
  "f1_score": 37.9066478076379,
  "extracted_word_count": 395,
  "ground_truth_word_count": 312,
  "common_word_count": 134
}