{
  "cer": 43.99756246191347,
  "wer": 64.51612903225806,
  "bleu_1": 59.888579387186624,
  "bleu_2": 47.34595614890961,
  "bleu_3": 37.797697013822216,
  "bleu_4": 29.211026209674788,
  "rouge_1": 70.13888888888889,
  "rouge_2": 45.867768595041326,
  "rouge_l_recall": 68.10035842293907,
  "rouge_l_precision": 52.92479108635098,
  "rouge_l_f1": 59.56112852664577,
  "bertscore_precision": 28.133704735376046,
  "bertscore_recall": 36.200716845878134,
  "bertscore_f1": 31.661442006269592,
  "character_accuracy": 13.584905660377359,
  "word_accuracy": 49.52978056426332,
  "precision": 28.133704735376046,
  "recall": 36.200716845878134,
  "f1_score": 31.661442006269596,
  "extracted_word_count": 359,
  "ground_truth_word_count": 279,
  "common_word_count": 101
}