{
  "cer": 32.1258341277407,
  "wer": 51.902173913043484,
  "bleu_1": 55.04807692307693,
  "bleu_2": 45.04978710146067,
  "bleu_3": 36.84074795435285,
  "bleu_4": 29.784283385080457,
  "rouge_1": 54.679802955665025,
  "rouge_2": 40.97859327217125,
  "rouge_l_recall": 61.684782608695656,
  "rouge_l_precision": 54.567307692307686,
  "rouge_l_f1": 57.90816326530612,
  "bertscore_precision": 26.682692307692307,
  "bertscore_recall": 30.16304347826087,
  "bertscore_f1": 28.316326530612244,
  "character_accuracy": 12.878955521132996,
  "word_accuracy": 51.53061224489795,
  "precision": 26.682692307692307,
  "recall": 30.16304347826087,
  "f1_score": 28.316326530612244,
  "extracted_word_count": 416,
  "ground_truth_word_count": 368,
  "common_word_count": 111
}